"origin","relative_path","bytes","sha256","kind","disposition","repository_path_or_note"
"completed M0-M8 Lean project",".github/workflows/create-release.yml","427","491f1c02bb31774c3f711155a4cc24da5923dc8ba7016e9aaff13969e2ea49ca","other","excluded standalone-project workflow boilerplate","not committed"
"completed M0-M8 Lean project",".github/workflows/lean_action_ci.yml","487","3b0d49449c2e6d4ee04ce6e57c23dde1a836314b502351f1f6203477e2aafe8f","other","excluded standalone-project workflow boilerplate","not committed"
"completed M0-M8 Lean project",".github/workflows/update.yml","1950","608304be502130030682762aa4a9bbec3e127d6b1eb2acf054818b84b6c81a4f","other","excluded standalone-project workflow boilerplate","not committed"
"completed M0-M8 Lean project",".gitignore","7","b3ad09fc93f83fdbd0bee771258dd4a58d3798fd7e6048611dde5a804bb43f1e","other","replaced with subtree-specific ignore rule","formalisation/.gitignore"
"completed M0-M8 Lean project","lakefile.toml","435","95549633219032a870e25fccd6a62b1006d127860a116cc4a821ec75a0c5f519","manifest/config","included","formalisation/lakefile.toml"
"completed M0-M8 Lean project","lake-manifest.json","3150","f609090f3cd703ae473bb9084ad4b30c00e9c7504115d556950dc1629a5331c5","manifest/config","included","formalisation/lake-manifest.json"
"completed M0-M8 Lean project","LEAN_M3A_SETUP_REPORT.md","6086","2c837b318313738a6840d491802132dc55259729c09ed06daed07e758c244b51","documentation","included","formalisation/reports/LEAN_M3A_SETUP_REPORT.md"
"completed M0-M8 Lean project","lean_setup_log/commands.txt","3910","7d2919b4fa08a28ca20c18f1db02d3882ee13466ae1ecadaf24df25975556e5d","documentation","excluded workstation setup log","not committed"
"completed M0-M8 Lean project","lean_setup_log/environment.txt","1653","034bab98f16b75fb4d844c2b0b42cce0cdc63890ea94c59d0aef4ca5022c8c3b","documentation","excluded workstation setup log","not committed"
"completed M0-M8 Lean project","lean_setup_log/final_status.md","464","b6dffcce7cfb3f857af0d1a3701e5e52ecb80ab090f34ad5ba417669046e2da4","documentation","excluded workstation setup log","not committed"
"completed M0-M8 Lean project","lean_setup_log/stderr.txt","5175","07c8c0932aefe6b38bef264c9ccfcbcfe1126564f1826ad87f90e03859fe81db","documentation","excluded workstation setup log","not committed"
"completed M0-M8 Lean project","lean_setup_log/stdout.txt","2515","4055f4b4bb6d48de6556fc09e294b429ef3a72e895e063774e20396d7fae2a7b","documentation","excluded workstation setup log","not committed"
"completed M0-M8 Lean project","lean-toolchain","25","8e3538e0ab5f81a3ee04927d8838c8c674e0e112838b4b3ce87ec218143276af","manifest/config","included","formalisation/lean-toolchain"
"completed M0-M8 Lean project","M01_BASELINE_VERIFICATION_REPORT.md","1659","fafff4d5bb0160005104aa1f00d9445f0f41eadcf499a3ed4dba236032c05cde","documentation","included","formalisation/reports/M01_BASELINE_VERIFICATION_REPORT.md"
"completed M0-M8 Lean project","M02_SELECTED_NUMERATOR_VERIFICATION_REPORT.md","2315","279a6bdbee045bf5960b7fc61ce0b93d678687058f4f374b063f222de171cb85","documentation","included","formalisation/reports/M02_SELECTED_NUMERATOR_VERIFICATION_REPORT.md"
"completed M0-M8 Lean project","M03_DARK_PLANES_VERIFICATION_REPORT.md","2504","c5aec0b8fef751264bc387ad7775c584b41e0d94dc3c49925372d89017d3fcbd","documentation","included","formalisation/reports/M03_DARK_PLANES_VERIFICATION_REPORT.md"
"completed M0-M8 Lean project","M04_ENDPOINT_WORDS_VERIFICATION_REPORT.md","2756","42716e70cebce4cbac346f2fb6ae59983354a31540ddcca1186b3b70ab0babf9","documentation","included","formalisation/reports/M04_ENDPOINT_WORDS_VERIFICATION_REPORT.md"
"completed M0-M8 Lean project","M05_RAY_COEFFICIENTS_VERIFICATION_REPORT.md","2488","9ecec71bcb9bdc0d3b1b7dd360002615fe70a9d88bd29b4092ae2a9cdf9d1506","documentation","included","formalisation/reports/M05_RAY_COEFFICIENTS_VERIFICATION_REPORT.md"
"completed M0-M8 Lean project","M06_FIXED_RAY_TRICHOTOMY_VERIFICATION_REPORT.md","3397","67c4ea9a7f9139da34a654acf47069350487517d3802ea206c615374ff318399","documentation","included","formalisation/reports/M06_FIXED_RAY_TRICHOTOMY_VERIFICATION_REPORT.md"
"completed M0-M8 Lean project","M07_FIXED_FIBRE_NEWTON_VERIFICATION_REPORT.md","4104","a192b131f39b1ec89c30257c94dbfb9a357aa908d9095160eaaf9284e4c8ae5e","documentation","included","formalisation/reports/M07_FIXED_FIBRE_NEWTON_VERIFICATION_REPORT.md"
"completed M0-M8 Lean project","M08_ANALYTIC_BRIDGE_VERIFICATION_REPORT.md","3770","f19851326297419a25300608c20a9bdb7df49776e14da5a1312d7bd628e89e00","documentation","included","formalisation/reports/M08_ANALYTIC_BRIDGE_VERIFICATION_REPORT.md"
"completed M0-M8 Lean project","M3A/AnalyticBridge.lean","7321","6f4c61a84807511cc7915c847f4439dfd83c4d755e1a0e369e83064f37984168","source","included","formalisation/M3A/AnalyticBridge.lean"
"completed M0-M8 Lean project","M3A/BaselineDarkness.lean","425","764e82956e45768f23b28a7389f2c0be2b7b9ab72fc310990802989dacc4467d","source","included","formalisation/M3A/BaselineDarkness.lean"
"completed M0-M8 Lean project","M3A/Basic.lean","95","dec6359c6764dc0666f22c7d3e50ffef237755239ef5821b128421d2c873d929","source","included","formalisation/M3A/Basic.lean"
"completed M0-M8 Lean project","M3A/CoefficientAlgebra.lean","1104","91789e39172a85adfb15dcea31515c4976a5d614b93d635d8ced261cc01573b0","source","included","formalisation/M3A/CoefficientAlgebra.lean"
"completed M0-M8 Lean project","M3A/DarkPlanes.lean","5787","c50bc60fed3e6e8fb8f0fe39ef1da5b4cea69c5c91e199ae9d10e734e976f99b","source","included","formalisation/M3A/DarkPlanes.lean"
"completed M0-M8 Lean project","M3A/EndpointWords.lean","8156","ea8a9fc32b3fa51721cd247a4d73e3d9c3bfd92466a59768902af0148b6ec5b8","source","included","formalisation/M3A/EndpointWords.lean"
"completed M0-M8 Lean project","M3A/FixedFibreNewton.lean","8990","53f9a90d42e1d744849933e141b7d51eb2d93f7363dbdb622c124d6f57de7ea9","source","included","formalisation/M3A/FixedFibreNewton.lean"
"completed M0-M8 Lean project","M3A/FixedRayTrichotomy.lean","7786","7040a86dd3db16c96d5bac80495b4d0a2b9cd29e93f2ec321d0b10fdb6f8ad68","source","included","formalisation/M3A/FixedRayTrichotomy.lean"
"completed M0-M8 Lean project","M3A/Model.lean","1204","1865633642e38d81d18ae1beaefdbe0ec626df797d2c959063df98040a945ddd","source","included","formalisation/M3A/Model.lean"
"completed M0-M8 Lean project","M3A/RayCoefficients.lean","9003","dd7a59a527b9a0190e5b42afb66788c530f6d7512770f42a6bc8b721eadcd3a9","source","included","formalisation/M3A/RayCoefficients.lean"
"completed M0-M8 Lean project","M3A/SelectedNumerator.lean","3699","324461c82a59c6037c7e7b62519b5c97edfbd23fe59b2c3411887e73c32cbd25","source","included","formalisation/M3A/SelectedNumerator.lean"
"completed M0-M8 Lean project","M3A/SignedInvolution.lean","4069","160722f9b616182f8db2bd4f939b2e60461c510d07f2e405832fb75e0a4c496c","source","included","formalisation/M3A/SignedInvolution.lean"
"completed M0-M8 Lean project","M3A/Types.lean","317","119edd5b2bb1c8a4664c390dab97fa1477ea93013ea1463f221f4637f48dfd91","source","included","formalisation/M3A/Types.lean"
"completed M0-M8 Lean project","M3A_THEOREM_TO_LEAN_DEPENDENCY_MAP.md","25637","eb061ff26d4f28a2cc4d2e1f5c0db5ca73d09c13f4a84a3bd5d740581c441058","documentation","included","formalisation/reports/M3A_THEOREM_TO_LEAN_DEPENDENCY_MAP.md"
"completed M0-M8 Lean project","M3AFormalisation.lean","26","b5d497cb4872bc1e3c145ac64c2a4db8e8e7d8f6774c89f83d31f09f3dfacbeb","source","included","formalisation/M3AFormalisation.lean"
"completed M0-M8 Lean project","M3AFormalisation/Basic.lean","21","a88fef4d3efa63c9f9f5c948dd5ba1de3ea09d828ce8388ee83fa3d039e734a4","source","excluded duplicate Lake template module","not committed"
"completed M0-M8 Lean project","README.md","493","0da3cb4036ee04132ab7c0728826defee0ebf2612b7c1e3330cabc38072a7a8c","documentation","excluded Lake-template boilerplate; replaced","formalisation/README.md"
"earlier user-supplied PDF","main.pdf","534430","fe8030ca364ac0f7097aa0f05f2bf2575b8928f0a688bcd56edd335448e5f7fe","PDF/figure artifact","not selected; distinct earlier PDF without matching current ZIP source","not committed"
"integrated Paper II source","AMENDMENT_DECISION_LEDGER.md","1944","b061cc3adbb8896728142daa354f44ffe9f46de0393acf76d8f3bd9b0e2db75e","documentation","included as audit documentation","documentation/AMENDMENT_DECISION_LEDGER.md"
"integrated Paper II source","AMENDMENT_IMPLEMENTATION_MATRIX.csv","1136","cedf1ab1b83a4e0ee37f01b11579ec5bc6c96b3190489abe29d653923e1c974f","data","included as audit documentation","documentation/AMENDMENT_IMPLEMENTATION_MATRIX.csv"
"integrated Paper II source","BUILD_AND_VISUAL_QA_REPORT.md","1145","5f84832e9a93fa2ff03d4d1de3518c327d3618eb33f100ff1abb7124be0614f5","documentation","included as audit documentation","documentation/BUILD_AND_VISUAL_QA_REPORT.md"
"integrated Paper II source","CITATION_VERIFICATION_LEDGER.csv","2653","4f7f141abff9c7437fe637bfb59557e04dd14ec77e6d231dad73efcbc8c7bd96","data","included as audit documentation","documentation/CITATION_VERIFICATION_LEDGER.csv"
"integrated Paper II source","CLAIM_TO_REFERENCE_LEDGER.csv","1510","c149e0e33817fa71061fdc2869cbaee47de390eb5f19e57fd39ec9e46e0b2e2f","data","included as audit documentation","documentation/CLAIM_TO_REFERENCE_LEDGER.csv"
"integrated Paper II source","CODE/export_tables.py","2983","426511a8bc369d70e9af5ec8dd8e93aec2926f53583d4473906b77f8544cfbbf","script","included","CODE/export_tables.py"
"integrated Paper II source","CODE/make_manifest.py","818","8629650402fc0873f71991cf87df7dffda0119d0b7844ae0ffb5d82d8efd21ad","script","included","CODE/make_manifest.py"
"integrated Paper II source","CODE/package_release.py","1114","a33010145651b4e3f657ebea036829f98f5703e9c62942b7ad651b1469a6f8bf","script","included","CODE/package_release.py"
"integrated Paper II source","CODE/verify_manifest.py","1197","0f4f55cb401831c880c9ceaa0b63fd29b222f8838a8a6be03d8fba6ff04cb87c","script","included","CODE/verify_manifest.py"
"integrated Paper II source","CODE/verify_paper.py","10025","5fff83ee0025247c88fda8d4c752bc0af0ff346774e2f77f1b18c9ab2e68b088","script","included","CODE/verify_paper.py"
"integrated Paper II source","CONTENT_RECOVERY_LEDGER.csv","1172","7c8f0dcde116cc0f03edc68d02cef9403108f4b1f9ade0071c9a276d6b79cd34","data","included as audit documentation","documentation/CONTENT_RECOVERY_LEDGER.csv"
"integrated Paper II source","CONTRADICTION_AND_SUPERSESSION_LEDGER.md","2221","104d031519d127e77b41d66ed48aa7ecacdd6b1d230f12dc53c55892be51420e","documentation","included as audit documentation","documentation/CONTRADICTION_AND_SUPERSESSION_LEDGER.md"
"integrated Paper II source","COUNTEREXAMPLE_SOURCE_MAP.csv","1122","6728341d43a2ec20a80e0e2250d0481fbc293cb252a662b3cd370199cae8856f","data","included as audit documentation","documentation/COUNTEREXAMPLE_SOURCE_MAP.csv"
"integrated Paper II source","DATA/DENOMINATOR_TERMS.csv","889","65a2c79846ec0d272780ffc9b279fbaae7073a543b77a3b4eb1ea1e5c4b067e8","data","included","DATA/DENOMINATOR_TERMS.csv"
"integrated Paper II source","DATA/denominator_terms.tex","1428","276fcf159c1f8848ff50ad9a080004eac98d82099d0be425e12bc665b09a7e5b","source","included","DATA/denominator_terms.tex"
"integrated Paper II source","DATA/discrepancy_detection.json","200","47845f472c9f756019adc586811adfc1fbfa1c74de2701fc3172b79dd9e2ad7d","data","included","DATA/discrepancy_detection.json"
"integrated Paper II source","DATA/DUPLICATE_CONTENT_GROUPS.json","409946","e137a032d47eb635b7ea5348dd7e99cbcb7054c75f67f52071828858a2bcd5f1","data","included","DATA/DUPLICATE_CONTENT_GROUPS.json"
"integrated Paper II source","DATA/FULL_SOURCE_INVENTORY.csv","690181","402b691bd7f977ca3ab57cb8b169ccbcd3f87d40b5117e9ad8772e37e0a20821","data","included","DATA/FULL_SOURCE_INVENTORY.csv"
"integrated Paper II source","DATA/FULL_SOURCE_SCAN_HITS.csv","1937150","54e3ec3ef953954bf4d4e9108bdbdfd64d0a8a2a7f2c9b0e688c133b11765a58","data","included","DATA/FULL_SOURCE_SCAN_HITS.csv"
"integrated Paper II source","DATA/FULL_SOURCE_SCAN_SUMMARY.json","1364","baf8b7888386052c46f08f06ec8cc6cea88463d0b2fe2625927cd7a6e1163ceb","data","included","DATA/FULL_SOURCE_SCAN_SUMMARY.json"
"integrated Paper II source","DATA/GF1_16_CONE_ATLAS.json","17884","ce151d159d504feb9f0043c579807eb47bb0030cb5a67a220504d98b5dff45e1","data","included","DATA/GF1_16_CONE_ATLAS.json"
"integrated Paper II source","DATA/gf1_cones.tex","1040","005ba4adf6436a9bdf229d2a864f625897234623f3a77ca7aebd132072ce4ef3","source","included","DATA/gf1_cones.tex"
"integrated Paper II source","DATA/MV1_15_CELL_ATLAS.json","4200","6d61af8b30ff7f6235d9af87541eeea138196d7aefb250713793ef7480bab8b7","data","included","DATA/MV1_15_CELL_ATLAS.json"
"integrated Paper II source","DATA/mv1_cells.tex","832","d8210b557cdb5a57295d08e92de4683eb498747748fa23a92c0569949a225c46","source","included","DATA/mv1_cells.tex"
"integrated Paper II source","DATA/MV1_PRIMARY_EXACT.json","25965","6c374b193325fe50e0297d49840d11646587702cd4e50da2163b0c062e70fd8c","data","included","DATA/MV1_PRIMARY_EXACT.json"
"integrated Paper II source","DATA/PDF_SOURCE_SCAN.csv","4618","1b4c0224727ce5ebf1faa7de363575a81823defc525d2eb0dc04ddf1cc997349","data","included","DATA/PDF_SOURCE_SCAN.csv"
"integrated Paper II source","DATA/PDF_SOURCE_SCAN_HITS.csv","131090","357ed3d67e43f9f7a8491223545217dda254b7226c9cafd8de5ef9d170bdbdf4","data","included","DATA/PDF_SOURCE_SCAN_HITS.csv"
"integrated Paper II source","DETAILED_OUTLINE.md","3469","8fc91c23327f0dee5ba2ae0bd86371bdc81424c84539916a5d3d50e755ab3bdd","documentation","included as audit documentation","documentation/DETAILED_OUTLINE.md"
"integrated Paper II source","EDITORIAL_COMPRESSION_REPORT.md","906","4d2dc3529dd35d3ebd2e2ac40705d2338e1b3cfc561e4693fa0314b22212cb5a","documentation","included as audit documentation","documentation/EDITORIAL_COMPRESSION_REPORT.md"
"integrated Paper II source","ENVIRONMENT_SPECIFICATION.txt","628","13dd4f0fbf292fcd574db56f5cb192fa45f7a1d9572a8931e4e07f0d497c04fb","documentation","included as audit documentation","documentation/ENVIRONMENT_SPECIFICATION.txt"
"integrated Paper II source","EXPECTED/paper_verification.json","888","f88882e33bfb54ece376a80754356d61b2197605deb0512c62cc0ec9e3350cb5","data","included","EXPECTED/paper_verification.json"
"integrated Paper II source","EXTERNAL_INPUTS_LEDGER.md","991","1bdaafbf66453023e490a6a8c56c651def04ac369f4faef86be461338d9067df","documentation","included as audit documentation","documentation/EXTERNAL_INPUTS_LEDGER.md"
"integrated Paper II source","FAILURE_LEDGER.md","1850","3b3cb4bb35be9a4a95ddfa0f81dbd306bae4aa6ecd36bfc99261178cbe5a938e","documentation","included as audit documentation","documentation/FAILURE_LEDGER.md"
"integrated Paper II source","FIGURES/EXPORT/fig01_evidence_chain.pdf","77493","951016899515bdefdfd20b05af9bb5d405d74e40b98a5d0571810fd4b04893e3","PDF/figure artifact","included","FIGURES/EXPORT/fig01_evidence_chain.pdf"
"integrated Paper II source","FIGURES/EXPORT/fig02_model.pdf","75285","f11be2ca54ce2c0c7b4f6b4051e6d2a37349e4581905109e6825726e7cc09b3a","PDF/figure artifact","included","FIGURES/EXPORT/fig02_model.pdf"
"integrated Paper II source","FIGURES/EXPORT/fig03_dark_strata.pdf","69367","5e8fa1a1b7d860f73797b337eb5b0d2d89179461dc7ecf68568c22a9ebd0aede","PDF/figure artifact","included","FIGURES/EXPORT/fig03_dark_strata.pdf"
"integrated Paper II source","FIGURES/EXPORT/fig04_fixed_newton.pdf","56961","05fa40f79ef535300b73f29743506c59f8f4d8938484473f5ca235fa5f5453a5","PDF/figure artifact","included","FIGURES/EXPORT/fig04_fixed_newton.pdf"
"integrated Paper II source","FIGURES/EXPORT/fig05_pullback_collision.pdf","66937","bbce72c209dc7ecbef4b5df3fc21d65c77e4661d4737ead74939e3f318efab31","PDF/figure artifact","included","FIGURES/EXPORT/fig05_pullback_collision.pdf"
"integrated Paper II source","FIGURES/EXPORT/fig06_arc_lower_hull.pdf","63757","e27e75c07f69178ba30d29f2235068d538f3d44b4a43563922b20f80895ada5c","PDF/figure artifact","included","FIGURES/EXPORT/fig06_arc_lower_hull.pdf"
"integrated Paper II source","FIGURES/EXPORT/fig07_mv1_cells.pdf","49873","508edc786a7ece062e3fed6d3da68e4f643d29800afc13baafce2ca104028c42","PDF/figure artifact","included","FIGURES/EXPORT/fig07_mv1_cells.pdf"
"integrated Paper II source","FIGURES/EXPORT/fig08_information_hierarchy.pdf","52109","85afe36fcf9a5ed132d839471f779ce3dd0e82f98165cdbf36b31c159ae0f8e4","PDF/figure artifact","included","FIGURES/EXPORT/fig08_information_hierarchy.pdf"
"integrated Paper II source","FIGURES/SOURCE/fig01_evidence_chain.tikz","1015","c79e1ed6c1db54d467e3be68005dfe5b19f8b9c0499ec3f1b44c810e76e7bb80","source","included","FIGURES/SOURCE/fig01_evidence_chain.tikz"
"integrated Paper II source","FIGURES/SOURCE/fig02_model.tikz","773","1f8b638257c49f146a02d3021bfb0cb595a7fadb70e95f6069c1d5b9b5b7ad09","source","included","FIGURES/SOURCE/fig02_model.tikz"
"integrated Paper II source","FIGURES/SOURCE/fig03_dark_strata.tikz","728","248472d6d8111fa2bb2f7fa780cc3835f731fedeb8c6138e95141e1bd7d5d949","source","included","FIGURES/SOURCE/fig03_dark_strata.tikz"
"integrated Paper II source","FIGURES/SOURCE/fig04_fixed_newton.tikz","840","f006797bf291353dd14e3364acf0b8edafd7420fb1fe9980e5929d000bb70f95","source","included","FIGURES/SOURCE/fig04_fixed_newton.tikz"
"integrated Paper II source","FIGURES/SOURCE/fig05_pullback_collision.tikz","736","a824d2a96c0709d0efec122ce5c1a5e47594ed55291a41929530449cb3e453f4","source","included","FIGURES/SOURCE/fig05_pullback_collision.tikz"
"integrated Paper II source","FIGURES/SOURCE/fig06_arc_lower_hull.tikz","646","a3cb040bbcd6ed0f81f08ad62e24a3daa34724545f5f1dd49a117e8a1ba6578a","source","included","FIGURES/SOURCE/fig06_arc_lower_hull.tikz"
"integrated Paper II source","FIGURES/SOURCE/fig07_mv1_cells.tikz","813","5740175127ac62fbe09ca2f6434d8ce032b5d8f4288f453975f67073cdd1c204","source","included","FIGURES/SOURCE/fig07_mv1_cells.tikz"
"integrated Paper II source","FIGURES/SOURCE/fig08_information_hierarchy.tikz","849","e35a7dac3139833ff13a9fbc36d48c1003a1e7251b77fca813c58966e8d6866e","source","included","FIGURES/SOURCE/fig08_information_hierarchy.tikz"
"integrated Paper II source","FIGURES/SOURCE/standalone_wrapper.tex","250","674441467f1a55529113b5b8037ce7d2c04a716213e1553716cc3db7169a04d5","source","included","FIGURES/SOURCE/standalone_wrapper.tex"
"integrated Paper II source","FORMULA_SOURCE_MAP.csv","910","8a5d7dc5dea70b88c0f79bde11e6607b38e2777664669ae485d368bb14510147","data","included as audit documentation","documentation/FORMULA_SOURCE_MAP.csv"
"integrated Paper II source","FRESH_EXTRACTION_REPORT.md","1561","61b9cf34c4764614b3ff1fc608ce086eea8534ef79b0001bd817b525340e363c","documentation","included as audit documentation","documentation/FRESH_EXTRACTION_REPORT.md"
"integrated Paper II source","HARVARD_STYLE_AUDIT.md","1261","ee2b441457c97ebe8949f3d79e9104254d9a9a3ac95952ecbcaed41de39541da","documentation","included as audit documentation","documentation/HARVARD_STYLE_AUDIT.md"
"integrated Paper II source","INPUTS_AVAILABLE/MASTER_PROMPT.md","52062","3475dad2fcdc070feefbf6e2432775faf299c04053946c50d3e406b463dbe2a5","documentation","excluded duplicate upstream input","not committed"
"integrated Paper II source","INPUTS_AVAILABLE/Paper_I.pdf","1092974","93f47bf862e44d7232c20aa1ad5c54b20d589c307218c80638ce68ed47c6b4f5","PDF/figure artifact","excluded duplicate upstream input","not committed"
"integrated Paper II source","INPUTS_AVAILABLE/Paper_II_R1_2.pdf","374126","4135498db2f973d8c3dbd4f77b8ebc94c2f3ea8bfc11e9dd710ef694b65d3222","PDF/figure artifact","excluded duplicate upstream input","not committed"
"integrated Paper II source","INPUTS_AVAILABLE/Paper_II_R1_2.tex","36123","c5e1d29848307e0b3852d962a6af843499524377ff72c97b647af03052e35009","source","excluded duplicate upstream input","not committed"
"integrated Paper II source","INPUTS_AVAILABLE/R1_2_STRENGTHENING_AUDIT.md","35397","c3ebd68168d466a06746f8a3847be7d997350638cca2f13a4c1f4b8325d650f8","documentation","excluded duplicate upstream input","not committed"
"integrated Paper II source","INPUTS_AVAILABLE/README.md","519","aeb2a4ebdf34ac5fc87051c84b7c47029cda04733823f931722429fbab408cdf","documentation","excluded duplicate upstream input","not committed"
"integrated Paper II source","MANIFEST.sha256","10844","548a8cf69d6dfa7d084b7ba5fc9b6672c69bf4bfe537dc7a745f7308c196b52e","manifest/config","replaced after repository restructuring","MANIFEST.sha256"
"integrated Paper II source","NOTATION_AND_TERMINOLOGY_REPORT.md","1143","f0a7002fc2ad068bba2b9ea6f151c43cb1fbdfaaefa151cdb3d2e7d21cdf4475","documentation","included as audit documentation","documentation/NOTATION_AND_TERMINOLOGY_REPORT.md"
"integrated Paper II source","NOTATION_LOCK.md","1529","c0ff833d791e6a9e7d69e2038526650f1ba19a2778be5261deff042ecd092d24","documentation","included as audit documentation","documentation/NOTATION_LOCK.md"
"integrated Paper II source","NOVELTY_AND_SCOPE_LOCK.md","1815","a6f70f361d9e3d23aa6ed17c3e9cd756b8291f1865b64fb0e58c9042934557ba","documentation","included as audit documentation","documentation/NOVELTY_AND_SCOPE_LOCK.md"
"integrated Paper II source","NOVELTY_PRIORITY_LEDGER.md","1266","cc292fc01a6879262c0e71e2d2e2e43d28f27168e8b03672c6b82af8ad21c931","documentation","included as audit documentation","documentation/NOVELTY_PRIORITY_LEDGER.md"
"integrated Paper II source","PAPER 2.zip","653526","f50753598c75efe3e4770f35bc91ab5417747b17aa77d1a0de8b2dde02e17064","other","excluded duplicate archive; entries separately audited","not committed"
"integrated Paper II source","PAPER/abstract.tex","1407","d2a2b74a4de9847666e7fb60851517a6315b850dfc861fde7bf844671a8f21ee","source","included","paper/source/abstract.tex"
"integrated Paper II source","PAPER/appendices/A_denominator.tex","949","893fb064703824c40af82d9c4ad8dff22d732965f975b0a5b322ab5cb83a612a","source","included","paper/source/appendices/A_denominator.tex"
"integrated Paper II source","PAPER/appendices/B_endpoint_pb1.tex","1846","8040680f9e70997769f5b34de5c311f81e1e51224f230a95367a54f97b07b573","source","included","paper/source/appendices/B_endpoint_pb1.tex"
"integrated Paper II source","PAPER/appendices/C_arc1_tables.tex","1415","d07476741ef7815a319486a00857b82e46e74652c858a4f56be48d5deee26141","source","included","paper/source/appendices/C_arc1_tables.tex"
"integrated Paper II source","PAPER/appendices/D_mv1_gf1_atlases.tex","996","3f61ff3fa7b216482c4115c2d02875964b6d3de4cd29e4fa80cb266c1030483c","source","included","paper/source/appendices/D_mv1_gf1_atlases.tex"
"integrated Paper II source","PAPER/appendices/E_rees_marked.tex","1546","894043b5d0c575bc9f163571ba34ff77e55b1c2f83e75105ba26d08358110120","source","included","paper/source/appendices/E_rees_marked.tex"
"integrated Paper II source","PAPER/appendices/F_reproducibility.tex","3528","6ddce6738386fbb902d9d440156538e3d8674f660ec6e4d988fa6930f2b96ad2","source","included","paper/source/appendices/F_reproducibility.tex"
"integrated Paper II source","PAPER/main.aux","26770","5f77dcc6584bccaca1487a9f60798e65cc6b833dc4da9cc33bfea771fe5ca327","generated build artifact","excluded generated TeX artifact","not committed"
"integrated Paper II source","PAPER/main.bbl","43890","d085aa6116ca825b831edb24e0b556e379c3310ab0bf08fbfd63b97891ab52b1","generated build artifact","excluded generated TeX artifact","not committed"
"integrated Paper II source","PAPER/main.bcf","110761","b9088171c99a19eda3d32dff744fca1eb7bb4e4ba107eb7c261ee116daba572f","generated build artifact","excluded generated TeX artifact","not committed"
"integrated Paper II source","PAPER/main.bcf-SAVE-ERROR","107587","3baed71934fc5ade60774b7cab33d185ab25ef8d162e4f0b3b27442be7131914","generated build artifact","excluded generated TeX artifact","not committed"
"integrated Paper II source","PAPER/main.blg","1061","c7578438d5368ee7f9161931b907dd032e1b4d520a4c80c52043b80d4dfa7a0f","generated build artifact","excluded generated TeX artifact","not committed"
"integrated Paper II source","PAPER/main.fdb_latexmk","35513","9e827e380c17dd28d5762e0eff354b7b8ac54e03ec59244de7bfc4a1e7cc3ef6","generated build artifact","excluded generated TeX artifact","not committed"
"integrated Paper II source","PAPER/main.fls","39070","8e7c433f095b04311552baf0b76f48a5ade617549f3ce0db91e3d49161f53795","generated build artifact","excluded generated TeX artifact","not committed"
"integrated Paper II source","PAPER/main.log","58312","0332c8f0fa1f65318ad0f1a4324b0965bb0fad3d46cb55c7299564bc635713bf","generated build artifact","excluded generated TeX artifact","not committed"
"integrated Paper II source","PAPER/main.out","9253","3e7e3fe2ec92fc091ca566d5b70e2b48887a7908ccbbd9c97dced87e3041e5e0","generated build artifact","excluded generated TeX artifact","not committed"
"integrated Paper II source","PAPER/main.pdf","561102","ceb7e62cb3710cd859289e23e6a968e1c0144029c1be77eb67b00986c9f68889","PDF/figure artifact","superseded by rebuilt R2.1 PDF","paper/M3A_KERNEL_CHECKED_OPENING_THEORY_R2.pdf"
"integrated Paper II source","PAPER/main.run.xml","2342","1879c4e4e99d5941769eb7620fdbbcdb94bc6ee98b3c4015b2bcac79223d6f4b","generated build artifact","excluded generated TeX artifact","not committed"
"integrated Paper II source","PAPER/main.tex","3538","7ddf105334c59af6a60c6f25e2df58ef87bf7d809c92a30e6bf2ca852e987453","source","included","paper/source/main.tex"
"integrated Paper II source","PAPER/main.toc","4176","929172dd2223805bb06d2ae05a7d16069b489a8e6340453996147d7aa1e99426","generated build artifact","excluded generated TeX artifact","not committed"
"integrated Paper II source","PAPER/references.bib","7542","e092a10b620f36d28fd8fdb9313fd9703eda028c8aa9b12559ff0ac75b151df5","source","included","paper/source/references.bib"
"integrated Paper II source","PAPER/sections/01_introduction.tex","5922","50b3c043ce0b2c0a7d28c984ccbef0fa74a759c2de95c2c1f4687cd237a88a70","source","included","paper/source/sections/01_introduction.tex"
"integrated Paper II source","PAPER/sections/02_formal_verification.tex","4298","cf4d1c7b2a9cf0d4a0a026a4586d0202d5b6f6860a4db1c5d82d0a104733f8c2","source","included","paper/source/sections/02_formal_verification.tex"
"integrated Paper II source","PAPER/sections/02_model_and_channel.tex","3417","d1d42ce672a5a2b7973d0dd53c669eebaa76b490679d5df7d5713a736fda02de","source","included","paper/source/sections/02_model_and_channel.tex"
"integrated Paper II source","PAPER/sections/03_exact_numerator_and_ideal.tex","3278","ac21dd57ab434be4a12450213d5b511e2cee5353d44addeeda326928a02d5239","source","included","paper/source/sections/03_exact_numerator_and_ideal.tex"
"integrated Paper II source","PAPER/sections/04_syzygy_dark_planes_certificates.tex","4101","96a46f9e78913b10ed003a7e496a1180984fc57a32102811a220a63a5f8b7c38","source","included","paper/source/sections/04_syzygy_dark_planes_certificates.tex"
"integrated Paper II source","PAPER/sections/05_endpoint_support.tex","3605","17c04e13f7e70b8ec86e6cccc47c941d7343b7f17fe538ec95d14b3980422c47","source","included","paper/source/sections/05_endpoint_support.tex"
"integrated Paper II source","PAPER/sections/06_fixed_direction_trichotomy.tex","2671","82c9ce6414098ebe117d2f5492ff3437b44a984519e6c1499162c626d667cf6b","source","included","paper/source/sections/06_fixed_direction_trichotomy.tex"
"integrated Paper II source","PAPER/sections/07_fixed_fibre_newton.tex","2681","91eb255339597836bf9c2bf73d0a88459f257288d8600bc168ec1f67ed1f201f","source","included","paper/source/sections/07_fixed_fibre_newton.tex"
"integrated Paper II source","PAPER/sections/08_monomial_pullback.tex","3277","d347b8005bc97f35c42153ee81678c4ddab385b783692ba76edb0c34bec9e9b7","source","included","paper/source/sections/08_monomial_pullback.tex"
"integrated Paper II source","PAPER/sections/09_arc1_moving_directions.tex","3822","fc15f562bf2d0e11e44ecf043fbc1b273c12df795b88092cf52749b46216f33d","source","included","paper/source/sections/09_arc1_moving_directions.tex"
"integrated Paper II source","PAPER/sections/10_mv1_universal_atlas.tex","4322","ba549b648daaca3393bb4a03a8174d2da6a2b1baa16bb3db926cb8b90a9cd245","source","included","paper/source/sections/10_mv1_universal_atlas.tex"
"integrated Paper II source","PAPER/sections/11_gf1_marked_section.tex","4499","37098e72b27b26eac6294738e85d1ea12863dca766e9dd8412ca99d27a3b0985","source","included","paper/source/sections/11_gf1_marked_section.tex"
"integrated Paper II source","PAPER/sections/12_counterexamples_scope.tex","4161","960226026da1ad60e827db45b9a384031eddb5efc1f20aa950e6c2cc31c5863d","source","included","paper/source/sections/12_counterexamples_scope.tex"
"integrated Paper II source","PAPER/sections/13_reproducibility_transparency.tex","5132","3601de0115b322333cf32b55f7b637eca2ff88efa1ae33268431dcef8933b6e8","source","included","paper/source/sections/13_reproducibility_transparency.tex"
"integrated Paper II source","PAPER/sections/14_conclusion.tex","2209","c42208b9ec34fac329143cab21a142d6c7415a6a7dafb423400d9ea750a5f76b","source","included","paper/source/sections/14_conclusion.tex"
"integrated Paper II source","PAPER_I_TO_PAPER_II_DEPENDENCY.md","1499","c7361a9fec0050fe7c6332f7acf0b58ec922c255ff01121b64059067eba71ef4","documentation","included as audit documentation","documentation/PAPER_I_TO_PAPER_II_DEPENDENCY.md"
"integrated Paper II source","PAPER_LOCK_DECISION.md","25","84c57587f4198ccc92d7aee71a6c3d1d6313a8102a5922d234bba42351de0613","documentation","included as audit documentation","documentation/PAPER_LOCK_DECISION.md"
"integrated Paper II source","PRIOR_ART_AUDIT.md","5663","92e4305f614e7750ef660c431dca0749fa5cff5bbcd9993252b96e92b05350af","documentation","included as audit documentation","documentation/PRIOR_ART_AUDIT.md"
"integrated Paper II source","PRIOR_ART_SEARCH_LOG.csv","2244","d4855bf55c01682f3c0aae694b44e7825867d37f75d79d5fa23e7b02d8df2a62","data","included as audit documentation","documentation/PRIOR_ART_SEARCH_LOG.csv"
"integrated Paper II source","R2_LEAN_RESTRUCTURE_AND_QA_REPORT.md","2135","95f4b9cc01a429b4b89704019c2e72d14f59fe926ad3f2799583bfb30036a9be","documentation","included as audit documentation","documentation/R2_LEAN_RESTRUCTURE_AND_QA_REPORT.md"
"integrated Paper II source","REFEREE_RISK_AND_RESPONSE_LEDGER.md","2335","adb47d1cd4547f8446e2482c9dfd99589a3ee01397b4727bf81af458d55eed9a","documentation","included as audit documentation","documentation/REFEREE_RISK_AND_RESPONSE_LEDGER.md"
"integrated Paper II source","RELEASE_GATE_AUDIT.md","2256","198c525a34cafaf7597132dac8485a95b94e4aa22f07bd45282f100469e05636","documentation","included as audit documentation","documentation/RELEASE_GATE_AUDIT.md"
"integrated Paper II source","RELEASE_NOTES.md","1343","ef16d5281a7cc6374eaac6c38e0a4405a9f3b23cb2570c94c97af0b3c9e4ece3","documentation","included as audit documentation","documentation/RELEASE_NOTES.md"
"integrated Paper II source","REPRODUCE.ps1","815","9a80b91ebf12f3e50964e7cc30182566da93c89d7e5bfe6663e08e8fa855d807","script","replaced with repository-adjusted reproduction script","REPRODUCE.ps1"
"integrated Paper II source","REPRODUCE.sh","407","a8aa1bec53315d829afbb4623acd6c2c0ea71a27dead7b2ecf77d379289790e2","script","replaced with repository-adjusted reproduction script","REPRODUCE.sh"
"integrated Paper II source","REPRODUCIBILITY_PROTOCOL.md","2166","c1a95bb6aea081bd16e6b6e0b99c0ab3a52acbb549df5de2a347f7a95b9a7c45","documentation","included as audit documentation","documentation/REPRODUCIBILITY_PROTOCOL.md"
"integrated Paper II source","SCOPE_WARNING_LEDGER.csv","1222","43e93016d3635980c341d6499e155414c9bbcc503526635a13a58fb8ec13f878","data","included as audit documentation","documentation/SCOPE_WARNING_LEDGER.csv"
"integrated Paper II source","SOURCE_AVAILABILITY_LEDGER.md","2309","61faaa8da99215167d0621816d50696c470a23d181eca88e9f4f5de1e6985cf2","documentation","included as audit documentation","documentation/SOURCE_AVAILABILITY_LEDGER.md"
"integrated Paper II source","SOURCE_SCAN_REPORT.md","1871","7a26cc7de2b0451a21eccaeb42187673bdd8f02e0e11bff84150a59d5bae40bf","documentation","included as audit documentation","documentation/SOURCE_SCAN_REPORT.md"
"integrated Paper II source","START_HERE.md","1960","fd88d1e60dc5816df98d5fb6b9ab4443d5f74559cc8631dae008659574e105a0","documentation","included as audit documentation","documentation/START_HERE.md"
"integrated Paper II source","SUPPLEMENT/CLAIM_CODE_EVIDENCE_MAP.csv","1084","b5f1ec8b87390a2a3d843d6a159486900e96c11d3dae36714bf5a83ba4bc0523","data","included","documentation/SUPPLEMENT/CLAIM_CODE_EVIDENCE_MAP.csv"
"integrated Paper II source","SUPPLEMENT/FIXED_WEIGHT_NOETHERIAN_PROOF.md","920","c0e9fdf35aa14bcb927cff9075dd0a9fa6ce9b0e38c2b2ee46267ca9b0abbc19","documentation","included","documentation/SUPPLEMENT/FIXED_WEIGHT_NOETHERIAN_PROOF.md"
"integrated Paper II source","SUPPLEMENT/RANDOM_CENSUS_METHODOLOGY.md","599","0559efabc9aa47326f43f60f580d1c16d4f30df4a2a27647f4637dc65a58120f","documentation","included","documentation/SUPPLEMENT/RANDOM_CENSUS_METHODOLOGY.md"
"integrated Paper II source","SYMBOL_COLLISION_LEDGER.md","1240","a2679566f3ed22395ccec8341efe5ed2bc679ef0feef2b19009334edd65f4579","documentation","included as audit documentation","documentation/SYMBOL_COLLISION_LEDGER.md"
"integrated Paper II source","TEXT_REUSE_AND_SELF_CITATION_LEDGER.md","1105","a43edaec91f84f9c00c8cbe0fd3a03bc54b139cffaba827bdbdefaed7e5c042d","documentation","included as audit documentation","documentation/TEXT_REUSE_AND_SELF_CITATION_LEDGER.md"
"integrated Paper II source","THEOREM_SOURCE_MAP.csv","1441","943152b6f1a6693fafbc6f00d13bbc45e5c12fb5a802fd6ceedcf4437a4bcd14","data","included as audit documentation","documentation/THEOREM_SOURCE_MAP.csv"
"integrated Paper II source","TITLE_AND_ABSTRACT_DECISION.md","1081","559b01cb50b9aede19cc358cfbf27d7eeb52202d804ee3ef8be1adc5f637b650","documentation","included as audit documentation","documentation/TITLE_AND_ABSTRACT_DECISION.md"
"integrated Paper II source","UK_ENGLISH_STYLE_REPORT.md","621","4b8061374690bfc33c5520eca69359824603b26e17855c6c56c90332767f3137","documentation","included as audit documentation","documentation/UK_ENGLISH_STYLE_REPORT.md"
"integrated Paper II source","UNCITED_AND_UNUSED_REFERENCE_REPORT.md","510","e3438af3f5f2e4bcedbf2ca3364202d0a4ed82e5003e4fe462d6ab93d72f7889","documentation","included as audit documentation","documentation/UNCITED_AND_UNUSED_REFERENCE_REPORT.md"
"integrated Paper II source","UNRESOLVED_GAPS.md","914","5e6ee295f7a987b0caa832507ed06296d251b45b5eb3eb72c1133449b077b135","documentation","included as audit documentation","documentation/UNRESOLVED_GAPS.md"
"PAPER 2.zip entry","PAPER/abstract.tex","1407","d2a2b74a4de9847666e7fb60851517a6315b850dfc861fde7bf844671a8f21ee","source","included via byte-identical integrated source","paper/source/abstract.tex"
"PAPER 2.zip entry","PAPER/appendices/A_denominator.tex","949","893fb064703824c40af82d9c4ad8dff22d732965f975b0a5b322ab5cb83a612a","source","included via byte-identical integrated source","paper/source/appendices/A_denominator.tex"
"PAPER 2.zip entry","PAPER/appendices/B_endpoint_pb1.tex","1846","8040680f9e70997769f5b34de5c311f81e1e51224f230a95367a54f97b07b573","source","included via byte-identical integrated source","paper/source/appendices/B_endpoint_pb1.tex"
"PAPER 2.zip entry","PAPER/appendices/C_arc1_tables.tex","1415","d07476741ef7815a319486a00857b82e46e74652c858a4f56be48d5deee26141","source","included via byte-identical integrated source","paper/source/appendices/C_arc1_tables.tex"
"PAPER 2.zip entry","PAPER/appendices/D_mv1_gf1_atlases.tex","996","3f61ff3fa7b216482c4115c2d02875964b6d3de4cd29e4fa80cb266c1030483c","source","included via byte-identical integrated source","paper/source/appendices/D_mv1_gf1_atlases.tex"
"PAPER 2.zip entry","PAPER/appendices/E_rees_marked.tex","1546","894043b5d0c575bc9f163571ba34ff77e55b1c2f83e75105ba26d08358110120","source","included via byte-identical integrated source","paper/source/appendices/E_rees_marked.tex"
"PAPER 2.zip entry","PAPER/appendices/F_reproducibility.tex","3528","6ddce6738386fbb902d9d440156538e3d8674f660ec6e4d988fa6930f2b96ad2","source","included via byte-identical integrated source","paper/source/appendices/F_reproducibility.tex"
"PAPER 2.zip entry","PAPER/main.aux","26770","5f77dcc6584bccaca1487a9f60798e65cc6b833dc4da9cc33bfea771fe5ca327","generated build artifact","excluded generated TeX artifact","not committed"
"PAPER 2.zip entry","PAPER/main.bbl","43890","d085aa6116ca825b831edb24e0b556e379c3310ab0bf08fbfd63b97891ab52b1","generated build artifact","excluded generated TeX artifact","not committed"
"PAPER 2.zip entry","PAPER/main.bcf","110761","b9088171c99a19eda3d32dff744fca1eb7bb4e4ba107eb7c261ee116daba572f","generated build artifact","excluded generated TeX artifact","not committed"
"PAPER 2.zip entry","PAPER/main.bcf-SAVE-ERROR","107587","3baed71934fc5ade60774b7cab33d185ab25ef8d162e4f0b3b27442be7131914","generated build artifact","excluded generated TeX artifact","not committed"
"PAPER 2.zip entry","PAPER/main.blg","1061","c7578438d5368ee7f9161931b907dd032e1b4d520a4c80c52043b80d4dfa7a0f","generated build artifact","excluded generated TeX artifact","not committed"
"PAPER 2.zip entry","PAPER/main.fdb_latexmk","35513","9e827e380c17dd28d5762e0eff354b7b8ac54e03ec59244de7bfc4a1e7cc3ef6","generated build artifact","excluded generated TeX artifact","not committed"
"PAPER 2.zip entry","PAPER/main.fls","39070","8e7c433f095b04311552baf0b76f48a5ade617549f3ce0db91e3d49161f53795","generated build artifact","excluded generated TeX artifact","not committed"
"PAPER 2.zip entry","PAPER/main.log","58312","0332c8f0fa1f65318ad0f1a4324b0965bb0fad3d46cb55c7299564bc635713bf","generated build artifact","excluded generated TeX artifact","not committed"
"PAPER 2.zip entry","PAPER/main.out","9253","3e7e3fe2ec92fc091ca566d5b70e2b48887a7908ccbbd9c97dced87e3041e5e0","generated build artifact","excluded generated TeX artifact","not committed"
"PAPER 2.zip entry","PAPER/main.pdf","561102","ceb7e62cb3710cd859289e23e6a968e1c0144029c1be77eb67b00986c9f68889","PDF/figure artifact","superseded by rebuilt R2.1 PDF","paper/M3A_KERNEL_CHECKED_OPENING_THEORY_R2.pdf"
"PAPER 2.zip entry","PAPER/main.run.xml","2342","1879c4e4e99d5941769eb7620fdbbcdb94bc6ee98b3c4015b2bcac79223d6f4b","generated build artifact","excluded generated TeX artifact","not committed"
"PAPER 2.zip entry","PAPER/main.tex","3538","7ddf105334c59af6a60c6f25e2df58ef87bf7d809c92a30e6bf2ca852e987453","source","included via byte-identical integrated source","paper/source/main.tex"
"PAPER 2.zip entry","PAPER/main.toc","4176","929172dd2223805bb06d2ae05a7d16069b489a8e6340453996147d7aa1e99426","generated build artifact","excluded generated TeX artifact","not committed"
"PAPER 2.zip entry","PAPER/references.bib","7542","e092a10b620f36d28fd8fdb9313fd9703eda028c8aa9b12559ff0ac75b151df5","source","included via byte-identical integrated source","paper/source/references.bib"
"PAPER 2.zip entry","PAPER/sections/01_introduction.tex","5922","50b3c043ce0b2c0a7d28c984ccbef0fa74a759c2de95c2c1f4687cd237a88a70","source","included via byte-identical integrated source","paper/source/sections/01_introduction.tex"
"PAPER 2.zip entry","PAPER/sections/02_formal_verification.tex","4298","cf4d1c7b2a9cf0d4a0a026a4586d0202d5b6f6860a4db1c5d82d0a104733f8c2","source","included via byte-identical integrated source","paper/source/sections/02_formal_verification.tex"
"PAPER 2.zip entry","PAPER/sections/02_model_and_channel.tex","3417","d1d42ce672a5a2b7973d0dd53c669eebaa76b490679d5df7d5713a736fda02de","source","included via byte-identical integrated source","paper/source/sections/02_model_and_channel.tex"
"PAPER 2.zip entry","PAPER/sections/03_exact_numerator_and_ideal.tex","3278","ac21dd57ab434be4a12450213d5b511e2cee5353d44addeeda326928a02d5239","source","included via byte-identical integrated source","paper/source/sections/03_exact_numerator_and_ideal.tex"
"PAPER 2.zip entry","PAPER/sections/04_syzygy_dark_planes_certificates.tex","4101","96a46f9e78913b10ed003a7e496a1180984fc57a32102811a220a63a5f8b7c38","source","included via byte-identical integrated source","paper/source/sections/04_syzygy_dark_planes_certificates.tex"
"PAPER 2.zip entry","PAPER/sections/05_endpoint_support.tex","3605","17c04e13f7e70b8ec86e6cccc47c941d7343b7f17fe538ec95d14b3980422c47","source","included via byte-identical integrated source","paper/source/sections/05_endpoint_support.tex"
"PAPER 2.zip entry","PAPER/sections/06_fixed_direction_trichotomy.tex","2671","82c9ce6414098ebe117d2f5492ff3437b44a984519e6c1499162c626d667cf6b","source","included via byte-identical integrated source","paper/source/sections/06_fixed_direction_trichotomy.tex"
"PAPER 2.zip entry","PAPER/sections/07_fixed_fibre_newton.tex","2681","91eb255339597836bf9c2bf73d0a88459f257288d8600bc168ec1f67ed1f201f","source","included via byte-identical integrated source","paper/source/sections/07_fixed_fibre_newton.tex"
"PAPER 2.zip entry","PAPER/sections/08_monomial_pullback.tex","3277","d347b8005bc97f35c42153ee81678c4ddab385b783692ba76edb0c34bec9e9b7","source","included via byte-identical integrated source","paper/source/sections/08_monomial_pullback.tex"
"PAPER 2.zip entry","PAPER/sections/09_arc1_moving_directions.tex","3822","fc15f562bf2d0e11e44ecf043fbc1b273c12df795b88092cf52749b46216f33d","source","included via byte-identical integrated source","paper/source/sections/09_arc1_moving_directions.tex"
"PAPER 2.zip entry","PAPER/sections/10_mv1_universal_atlas.tex","4322","ba549b648daaca3393bb4a03a8174d2da6a2b1baa16bb3db926cb8b90a9cd245","source","included via byte-identical integrated source","paper/source/sections/10_mv1_universal_atlas.tex"
"PAPER 2.zip entry","PAPER/sections/11_gf1_marked_section.tex","4499","37098e72b27b26eac6294738e85d1ea12863dca766e9dd8412ca99d27a3b0985","source","included via byte-identical integrated source","paper/source/sections/11_gf1_marked_section.tex"
"PAPER 2.zip entry","PAPER/sections/12_counterexamples_scope.tex","4161","960226026da1ad60e827db45b9a384031eddb5efc1f20aa950e6c2cc31c5863d","source","included via byte-identical integrated source","paper/source/sections/12_counterexamples_scope.tex"
"PAPER 2.zip entry","PAPER/sections/13_reproducibility_transparency.tex","5132","3601de0115b322333cf32b55f7b637eca2ff88efa1ae33268431dcef8933b6e8","source","included via byte-identical integrated source","paper/source/sections/13_reproducibility_transparency.tex"
"PAPER 2.zip entry","PAPER/sections/14_conclusion.tex","2209","c42208b9ec34fac329143cab21a142d6c7415a6a7dafb423400d9ea750a5f76b","source","included via byte-identical integrated source","paper/source/sections/14_conclusion.tex"
"user-supplied archive","PAPER 2.zip","653526","f50753598c75efe3e4770f35bc91ab5417747b17aa77d1a0de8b2dde02e17064","other","audited; archive not committed","contents inventoried individually below"
